imagem,classe,cod_endereco,lat_geodesica,long_geodesica,data
detect/data/CE10-227.jpg,"{""patch"": 3, ""crack"": 1}",CE10,-3.7084613,-38.568398,2022-12-16 14:40:18
detect/data/out-845CE010.jpg,"{""patch"": 1}",CE10,-3.6343553,-38.747753,2022-12-16 14:06:33
detect/data/CE10-221.jpg,"{""patch"": 1}",CE10,-3.7059472,-38.57502,2022-12-16 14:38:33
detect/data/out-314CE010.jpg,"{""patch"": 1}",CE10,-3.7146595,-38.657314,2022-12-16 14:23:30
detect/data/CE010-319.jpg,"{""patch"": 1}",CE10,-3.7084613,-38.568398,2022-12-16 14:40:18
detect/data/out-223CE010.jpg,"{""pothole"": 4, ""patch"": 1}",CE10,-3.7435193,-40.31315,2022-12-15 12:42:04
detect/data/CEout-585.jpg,"{""patch"": 1}",DESCONHECIDA,0.0,0.0,
detect/data/CEout-286.jpg,"{""pothole"": 1}",DESCONHECIDA,0.0,0.0,
detect/data/out-236CE010.jpg,"{""pothole"": 1}",CE10,-3.7026582,-38.58212,2022-12-16 14:37:08
detect/data/out-896CE010.jpg,"{""patch"": 1}",CE10,-3.721321,-38.6626,2022-12-16 14:21:50
detect/data/CE471-1509.jpg,"{""patch"": 1}",CE471,-3.648803,-40.340065,2022-12-15 12:25:18
detect/data/CEout-035.jpg,"{""pothole"": 1}",DESCONHECIDA,0.0,0.0,
detect/data/out-710CE010.jpg,"{""patch"": 2}",CE10,-3.6985848,-38.590736,2022-12-16 14:35:53
detect/data/CE10-276.jpg,"{""pothole"": 3, ""patch"": 2}",CE10,-3.692831,-38.616875,2022-12-16 14:32:40
detect/data/CE010-474.jpg,"{""patch"": 1}",CE10,-3.747174,-40.31012,2022-12-15 12:42:30
detect/data/CE471-1408.jpg,"{""patch"": 1}",CE471,-3.6933005,-40.379734,2022-12-15 12:12:03
detect/data/CE471-2206.jpg,"{""patch"": 1}",CE471,-3.651887,-40.37914,2022-12-15 12:19:08
detect/data/CE10-207.jpg,"{""crack"": 1}",CE10,-3.7955763,-40.27193,2022-12-15 12:48:08
detect/data/out-289CE010.jpg,"{""pothole"": 2}",CE10,-3.75106,-40.307392,2022-12-15 12:42:59
detect/data/CE010-110.jpg,"{""patch"": 1}",CE10,-3.7131772,-38.55051,2022-12-16 14:45:58
detect/data/CE471-1267.jpg,"{""pothole"": 1}",CE471,-3.6900043,-40.384666,2022-12-15 12:12:48
detect/data/CEout-463.jpg,"{""pothole"": 1}",DESCONHECIDA,0.0,0.0,
detect/data/CE471-0371.jpg,"{""patch"": 1}",CE471,-3.6671462,-40.398205,2022-12-15 12:15:58
detect/data/out-054CE010.jpg,"{""patch"": 1}",CE10,-3.6317277,-38.749718,2022-12-16 14:06:03
detect/data/CE471-1825.jpg,"{""patch"": 2}",CE471,-3.6651776,-40.3199,2022-12-15 12:28:23
detect/data/CE10-282.jpg,"{""pothole"": 2, ""patch"": 1}",CE10,-3.6427088,-38.759605,2022-12-16 14:08:43
detect/data/CE471-0168.jpg,"{""patch"": 1}",CE471,-3.672493,-40.395054,2022-12-15 12:15:13
detect/data/CE10-248.jpg,"{""crack"": 2}",CE10,-3.721231,-38.6605,2022-12-16 14:22:05
detect/data/out-796CE010.jpg,"{""pothole"": 1}",CE10,-3.6928368,-38.61232,2022-12-16 14:33:10
detect/data/CE10out-171.jpg,"{""patch"": 1}",CE10,-3.710627,-38.56094,2022-12-16 14:41:53
detect/data/CE10out-032.jpg,"{""crack"": 1}",CE10,-3.7612216,-40.293873,2022-12-15 12:44:35
detect/data/out-936CE010.jpg,"{""pothole"": 1}",CE10,-3.6944656,-38.626286,2022-12-16 14:31:25
detect/data/CE010out-099.jpg,"{""crack"": 1}",CE10,-3.6930702,-38.618313,2022-12-16 14:32:30
detect/data/out-101CE10.jpg,"{""patch"": 2}",CE10,-3.7193787,-38.66944,2022-12-16 14:21:05
detect/data/CE471-1798.jpg,"{""patch"": 2}",CE471,-3.648803,-40.340065,2022-12-15 12:25:18
detect/data/out-816CE010.jpg,"{""crack"": 2, ""pothole"": 1}",CE10,-3.7140439,-38.547787,2022-12-16 14:46:28
detect/data/out-092CE010.jpg,"{""patch"": 2}",CE10,-3.6485944,-38.761494,2022-12-16 14:09:58
detect/data/out-166CE010.jpg,"{""patch"": 1}",CE10,-3.7836752,-40.28277,2022-12-15 12:46:53
detect/data/CE10-212.jpg,"{""patch"": 1}",CE10,-3.718305,-38.535007,2022-12-16 14:49:08
detect/data/out-411CE010.jpg,"{""pothole"": 1, ""patch"": 1}",CE10,-3.644977,-38.761795,2022-12-16 14:09:18
detect/data/CE156-155-0619.jpg,"{""patch"": 1}",CE156,-3.919478,-38.7341,2022-12-15 17:04:28
detect/data/out-334CE10.jpg,"{""patch"": 1}",CE10,-3.6949575,-38.632355,2022-12-16 14:30:20
detect/data/out-530CE010.jpg,"{""pothole"": 1}",CE10,-3.7091362,-38.56612,2022-12-16 14:40:38
detect/data/CE471-2234.jpg,"{""patch"": 2}",CE471,-3.6494515,-40.374264,2022-12-15 12:19:48
detect/data/CE10-262.jpg,"{""patch"": 3}",CE10,-3.7149935,-38.544144,2022-12-16 14:46:58
detect/data/CE471-2416.jpg,"{""crack"": 1}",CE471,-3.6432922,-40.36317,2022-12-15 12:21:18
detect/data/out-026CE010.jpg,"{""patch"": 1}",CE10,-3.71828,-38.53674,2022-12-16 14:48:13
detect/data/CEout-013.jpg,"{""patch"": 1}",DESCONHECIDA,0.0,0.0,
detect/data/out-090CE010.jpg,"{""patch"": 2, ""pothole"": 2}",CE10,-3.7146595,-38.657314,2022-12-16 14:23:30
detect/data/out-003CE010.jpg,"{""patch"": 1}",CE10,-3.7200637,-38.66719,2022-12-16 14:21:20
detect/data/CE10-300.jpg,"{""pothole"": 1}",CE10,-3.6395,-38.74998,2022-12-16 14:07:33
detect/data/CE471-0419.jpg,"{""patch"": 1}",CE471,-3.6480982,-40.341263,2022-12-15 12:25:08
detect/data/out-510CE010.jpg,"{""patch"": 1}",CE10,-3.6224196,-38.747883,2022-12-16 13:32:17
detect/data/out-137CE010.jpg,"{""patch"": 1}",CE10,-3.7068398,-38.57256,2022-12-16 14:39:33
detect/data/CE10out-080.jpg,"{""crack"": 1}",CE10,-3.639145,-38.74874,2022-12-16 14:07:23
detect/data/out-780CE010.jpg,"{""pothole"": 1}",CE10,-3.693624,-38.63401,2022-12-16 14:30:05
detect/data/CE10-194.jpg,"{""patch"": 1, ""crack"": 1}",CE10,-3.7146595,-38.657314,2022-12-16 14:23:30
detect/data/out-044CE010.jpg,"{""patch"": 1}",CE10,-3.7604797,-40.29446,2022-12-15 12:44:30
detect/data/out-262CE010.jpg,"{""patch"": 3}",CE10,-3.6906202,-38.647858,2022-12-16 14:28:35
detect/data/CEout-110.jpg,"{""crack"": 1, ""patch"": 1}",DESCONHECIDA,0.0,0.0,
detect/data/out-563CE010.jpg,"{""patch"": 1}",CE10,-3.6996763,-38.706192,2022-12-16 14:17:05
detect/data/CE10out-103.jpg,"{""patch"": 1}",CE10,-3.640849,-38.75192,2022-12-16 14:07:48
detect/data/CE471-1818.jpg,"{""patch"": 1}",CE471,-3.6436546,-40.36378,2022-12-15 12:21:13
detect/data/CEout-162.jpg,"{""pothole"": 1}",DESCONHECIDA,0.0,0.0,
detect/data/CE010out-153.jpg,"{""crack"": 2}",CE10,-3.6379497,-38.74747,2022-12-16 14:07:08
detect/data/CE156-155-0262.jpg,"{""patch"": 1}",CE156,-3.9422085,-38.709526,2022-12-15 16:56:57
detect/data/out-244CE010.jpg,"{""pothole"": 2}",CE10,-3.6475875,-38.761917,2022-12-16 14:09:38
detect/data/CE471-0633.jpg,"{""patch"": 1}",CE471,-3.6519687,-40.334362,2022-12-15 12:26:03
detect/data/CEout-502.jpg,"{""crack"": 1}",DESCONHECIDA,0.0,0.0,
detect/data/out-169CE010.jpg,"{""patch"": 2}",CE10,-3.700874,-38.659523,2022-12-16 14:25:00
detect/data/CE10out-006.jpg,"{""patch"": 1}",CE10,-3.798324,-40.268124,2022-12-15 12:48:33
detect/data/CEout-167.jpg,"{""patch"": 1}",DESCONHECIDA,0.0,0.0,
detect/data/out-334CE010.jpg,"{""patch"": 2, ""pothole"": 2}",CE10,-3.7110486,-38.55948,2022-12-16 14:42:33
detect/data/out-339CE010.jpg,"{""pothole"": 2, ""patch"": 1}",CE10,-3.6932468,-38.609257,2022-12-16 14:33:35
detect/data/out-103CE010.jpg,"{""patch"": 2}",CE10,-3.698749,-40.30814,2022-12-15 12:37:09
detect/data/out-787CE010.jpg,"{""pothole"": 1}",CE10,-3.688418,-38.654373,2022-12-16 14:27:25
detect/data/CE10-192.jpg,"{""pothole"": 1, ""patch"": 1}",CE10,-3.6367912,-38.746864,2022-12-16 14:06:53
detect/data/CE010out-187.jpg,"{""patch"": 2}",CE10,-3.6485944,-38.761494,2022-12-16 14:09:58
detect/data/CE010out-205.jpg,"{""patch"": 1}",CE10,-3.7133813,-38.65764,2022-12-16 14:23:40
detect/data/out-904CE010.jpg,"{""pothole"": 1, ""patch"": 1}",CE10,-3.7202752,-38.666386,2022-12-16 14:21:25
detect/data/out-268CE010.jpg,"{""pothole"": 1, ""patch"": 1}",CE10,-3.7084613,-38.568398,2022-12-16 14:40:18
detect/data/out-240CE010.jpg,"{""pothole"": 1}",CE10,-3.713111,-38.682076,2022-12-16 14:19:35
detect/data/CE471-2142.jpg,"{""patch"": 1}",CE471,-3.6439893,-40.36434,2022-12-15 12:21:08
detect/data/out-227CE.jpg,"{""crack"": 1, ""patch"": 1}",DESCONHECIDA,0.0,0.0,
detect/data/CEout-433.jpg,"{""pothole"": 1}",DESCONHECIDA,0.0,0.0,
detect/data/CE471-2202.jpg,"{""patch"": 1}",CE471,-3.6562574,-40.327793,2022-12-15 12:26:58
detect/data/CE471-0914.jpg,"{""patch"": 1}",CE471,-3.6850793,-40.387325,2022-12-15 12:13:28
detect/data/out-060CE10.jpg,"{""patch"": 1}",CE10,-3.721564,-40.314743,2022-12-15 12:38:54
detect/data/out-869CE010.jpg,"{""pothole"": 2}",CE10,-3.7109644,-38.688854,2022-12-16 14:19:00
detect/data/CE010out-126.jpg,"{""crack"": 1}",CE10,-3.7072985,-38.69508,2022-12-16 14:18:20
detect/data/out-471CE010.jpg,"{""patch"": 1}",CE10,-3.7164803,-38.67575,2022-12-16 14:20:20
detect/data/out-889CE010.jpg,"{""patch"": 1}",CE10,-3.6693685,-38.73555,2022-12-16 14:13:13
detect/data/CE156-155-0100.jpg,"{""crack"": 1}",CE156,-3.9284005,-38.72685,2022-12-15 17:01:38
detect/data/CE471-1497.jpg,"{""patch"": 3}",CE471,-3.6425786,-40.361935,2022-12-15 12:21:28
detect/data/CEout-021.jpg,"{""patch"": 1}",DESCONHECIDA,0.0,0.0,
detect/data/CEout-015.jpg,"{""crack"": 1}",DESCONHECIDA,0.0,0.0,
detect/data/CE010out-064.jpg,"{""crack"": 1, ""patch"": 1}",CE10,-3.634031,-38.7482,2022-12-16 14:06:28
detect/data/CE471-0390.jpg,"{""patch"": 1}",CE471,-3.654088,-40.384026,2022-12-15 12:18:23
detect/data/CE10-305.jpg,"{""patch"": 2}",CE10,-3.6944199,-38.706757,2022-12-16 14:16:35
detect/data/CE10-266.jpg,"{""patch"": 2, ""pothole"": 1}",CE10,-3.7111552,-38.559124,2022-12-16 14:43:38
detect/data/CE471-0075.jpg,"{""patch"": 1}",CE471,-3.6542592,-40.330597,2022-12-15 12:26:34
detect/data/CE010-871.jpg,"{""crack"": 1}",CE10,-3.6886196,-38.654053,2022-12-16 14:27:35
detect/data/out-127CE10.jpg,"{""patch"": 1}",CE10,-3.7182064,-38.537533,2022-12-16 14:48:03
detect/data/CE010-392.jpg,"{""patch"": 1}",CE10,-3.6935976,-38.637264,2022-12-16 14:29:45
detect/data/CE422-0218.jpg,"{""crack"": 1}",CE422,-3.5622244,-38.81668,2022-12-16 11:13:47
detect/data/CE010out-191.jpg,"{""patch"": 2, ""crack"": 1}",CE10,-3.767763,-40.28778,2022-12-15 12:45:24
detect/data/CE471-1688.jpg,"{""patch"": 3, ""crack"": 1}",CE471,-3.6776512,-40.3132,2022-12-15 12:30:03
detect/data/CE010-128.jpg,"{""pothole"": 1}",CE10,-3.7178082,-38.538742,2022-12-16 14:47:53
detect/data/CE471-2083.jpg,"{""patch"": 2}",CE471,-3.6771126,-40.313675,2022-12-15 12:29:58
detect/data/CE471-2347.jpg,"{""patch"": 2}",CE471,-3.672538,-40.317127,2022-12-15 12:29:18
detect/data/out-191CE010.jpg,"{""patch"": 2, ""pothole"": 1}",CE10,-3.6928926,-38.617542,2022-12-16 14:32:35
detect/data/out-280CE010.jpg,"{""pothole"": 1}",CE10,-3.6325004,-38.749874,2022-12-16 14:06:08
detect/data/out-347CE010.jpg,"{""pothole"": 2}",CE10,-3.6309485,-38.749542,2022-12-16 14:05:58
detect/data/out-178CE010.jpg,"{""patch"": 2}",CE10,-3.686007,-38.713467,2022-12-16 14:15:30
detect/data/CE156-155-0095.jpg,"{""patch"": 1}",CE156,-3.9410267,-38.700745,2022-12-15 16:55:42
detect/data/CEout-218.jpg,"{""patch"": 2}",DESCONHECIDA,0.0,0.0,
detect/data/CE10-345.jpg,"{""patch"": 2}",CE10,-3.7131772,-38.55051,2022-12-16 14:45:58
detect/data/CE010-328.jpg,"{""patch"": 3}",CE10,-3.7243037,-40.32318,2022-12-15 12:39:44
detect/data/out-051CE010.jpg,"{""patch"": 1, ""pothole"": 1}",CE10,-3.6930215,-38.64309,2022-12-16 14:29:10
detect/data/CE10-313.jpg,"{""patch"": 2, ""crack"": 1}",CE10,-3.703225,-38.580883,2022-12-16 14:37:18
detect/data/out-208CE010.jpg,"{""pothole"": 4, ""patch"": 1}",CE10,-3.7107055,-38.560562,2022-12-16 14:41:58
detect/data/out-773CE010.jpg,"{""pothole"": 2}",CE10,-3.715351,-38.657322,2022-12-16 14:23:25
detect/data/out-487CE010.jpg,"{""pothole"": 1}",CE10,-3.7017295,-38.584034,2022-12-16 14:36:53
detect/data/CE010-619.jpg,"{""crack"": 1}",CE10,-3.6441557,-38.76161,2022-12-16 14:09:13
detect/data/CEout-397.jpg,"{""patch"": 1}",DESCONHECIDA,0.0,0.0,
detect/data/CE471-1189.jpg,"{""patch"": 1}",CE471,-3.694005,-40.379333,2022-12-15 12:10:53
detect/data/CE471-1483.jpg,"{""patch"": 3}",CE471,-3.6568394,-40.38977,2022-12-15 12:17:38
detect/data/CE471-0583.jpg,"{""patch"": 1}",CE471,-3.653468,-40.38276,2022-12-15 12:18:33
detect/data/out-222CE.jpg,"{""crack"": 3}",DESCONHECIDA,0.0,0.0,
detect/data/out-393CE010.jpg,"{""pothole"": 3}",CE10,-3.7184153,-38.534653,2022-12-16 14:49:13
detect/data/CE471-1759.jpg,"{""patch"": 2}",CE471,-3.678752,-40.390713,2022-12-15 12:14:19
detect/data/CE010-624.jpg,"{""crack"": 1, ""pothole"": 1}",CE10,-3.7428093,-40.313572,2022-12-15 12:41:59
detect/data/CE010out-188.jpg,"{""patch"": 2}",CE10,-3.680016,-38.718346,2022-12-16 14:14:55
detect/data/out-462CE010.jpg,"{""patch"": 2}",CE10,-3.6931975,-38.61889,2022-12-16 14:32:25
detect/data/out-214CE010.jpg,"{""pothole"": 2}",CE10,-3.7824214,-40.28232,2022-12-15 12:46:48
detect/data/out-230CE010.jpg,"{""pothole"": 1, ""patch"": 1}",CE10,-3.6244328,-38.748734,2022-12-16 14:05:13
detect/data/CEout-512.jpg,"{""patch"": 1}",DESCONHECIDA,0.0,0.0,
detect/data/CE471-0619.jpg,"{""patch"": 3}",CE471,-3.650349,-40.376213,2022-12-15 12:19:33
detect/data/out-350CE010.jpg,"{""pothole"": 1}",CE10,-3.6955256,-38.631924,2022-12-16 14:30:25
detect/data/CE471-1783.jpg,"{""patch"": 2}",CE471,-3.641515,-40.360077,2022-12-15 12:21:43
detect/data/CE471-0205.jpg,"{""patch"": 1}",CE471,-3.6730566,-40.39463,2022-12-15 12:15:08
detect/data/CE10-151.jpg,"{""patch"": 3}",CE10,-3.6883879,-38.654694,2022-12-16 14:27:15
detect/data/CE422-0006.jpg,"{""patch"": 1, ""pothole"": 1}",CE422,-3.6848238,-38.863426,2022-12-16 10:57:02
detect/data/out-234CE010.jpg,"{""patch"": 1, ""pothole"": 1}",CE10,-3.6488497,-38.756573,2022-12-16 14:10:28
detect/data/CEout-183.jpg,"{""crack"": 1}",DESCONHECIDA,0.0,0.0,
detect/data/out-277CE010.jpg,"{""pothole"": 2}",CE10,-3.7068398,-38.57256,2022-12-16 14:39:33
detect/data/out-388CE010.jpg,"{""pothole"": 1}",CE10,-3.7318983,-40.31945,2022-12-15 12:40:54
detect/data/CE471-1481.jpg,"{""patch"": 4}",CE471,-3.6598234,-40.395496,2022-12-15 12:16:53
detect/data/CE010-201.jpg,"{""patch"": 2}",CE10,-3.7098365,-38.56399,2022-12-16 14:41:08
detect/data/out-548CE010.jpg,"{""patch"": 1}",CE10,-3.7191021,-38.670174,2022-12-16 14:21:00
detect/data/CE471-0933.jpg,"{""patch"": 1}",CE471,-3.6788373,-40.312336,2022-12-15 12:30:13
detect/data/CE10-272.jpg,"{""patch"": 3}",CE10,-3.6935847,-38.638077,2022-12-16 14:29:40
detect/data/out-243CE010.jpg,"{""pothole"": 1}",CE10,-3.6996763,-38.706192,2022-12-16 14:17:05
detect/data/out-355CE010.jpg,"{""patch"": 1}",CE10,-3.6955256,-38.631924,2022-12-16 14:30:25
detect/data/CE471-1935.jpg,"{""patch"": 1}",CE471,-3.645417,-40.351494,2022-12-15 12:23:03
detect/data/CE156-155-0714.jpg,"{""crack"": 1}",CE156,-3.9227903,-38.73219,2022-12-15 17:02:58
detect/data/CE471-0109.jpg,"{""patch"": 1}",CE471,-3.6531553,-40.38218,2022-12-15 12:18:38
detect/data/CE471-1208.jpg,"{""patch"": 1}",CE471,-3.6876504,-40.305103,2022-12-15 12:31:33
detect/data/CE471-0044.jpg,"{""patch"": 2}",CE471,-3.6538386,-40.331104,2022-12-15 12:26:29
detect/data/CE471-1853.jpg,"{""patch"": 3}",CE471,-3.641515,-40.360077,2022-12-15 12:21:43
detect/data/CE471-2377.jpg,"{""patch"": 3}",CE471,-3.6731431,-40.316803,2022-12-15 12:29:23
detect/data/CE010-286.jpg,"{""patch"": 1}",CE10,-3.6980805,-38.591766,2022-12-16 14:35:43
detect/data/out-885CE010.jpg,"{""patch"": 1}",CE10,-3.777677,-40.280884,2022-12-15 12:46:28
detect/data/out-498CE010.jpg,"{""pothole"": 1}",CE10,-3.7111552,-38.559124,2022-12-16 14:43:38
detect/data/out-456CE010.jpg,"{""patch"": 1}",CE10,-3.6403186,-38.751255,2022-12-16 14:07:43
detect/data/out-299CE010.jpg,"{""pothole"": 1}",CE10,-3.6884217,-38.655457,2022-12-16 14:27:05
detect/data/CE471-2318.jpg,"{""patch"": 1}",CE471,-3.653773,-40.38339,2022-12-15 12:18:28
detect/data/CE471-1771.jpg,"{""patch"": 1}",CE471,-3.6565568,-40.389145,2022-12-15 12:17:43
detect/data/CE010-291.jpg,"{""patch"": 1, ""pothole"": 1}",CE10,-3.6484342,-38.760166,2022-12-16 14:10:08
detect/data/CE10out-064.jpg,"{""patch"": 1}",CE10,-3.7111912,-38.55886,2022-12-16 14:43:43
detect/data/CE010-354.jpg,"{""patch"": 1}",CE10,-3.7200255,-38.659134,2022-12-16 14:22:40
detect/data/CE471-2213.jpg,"{""patch"": 1}",CE471,-3.6586561,-40.393692,2022-12-15 12:17:08
detect/data/CE471-0606.jpg,"{""patch"": 1}",CE471,-3.642927,-40.362564,2022-12-15 12:21:23
detect/data/CE10-199.jpg,"{""patch"": 2, ""crack"": 1}",CE10,-3.6521225,-38.75256,2022-12-16 14:10:53
detect/data/CE10out-051.jpg,"{""patch"": 1}",CE10,-3.6844852,-38.71471,2022-12-16 14:15:20
detect/data/out-005CE10.jpg,"{""crack"": 1}",CE10,-3.6942492,-38.621464,2022-12-16 14:32:00
detect/data/CE10-154.jpg,"{""patch"": 2}",CE10,-3.624707,-38.748295,2022-12-16 14:05:18
detect/data/CE10-172.jpg,"{""patch"": 4}",CE10,-3.7086492,-38.658035,2022-12-16 14:24:10
detect/data/CE010out-089.jpg,"{""crack"": 1}",CE10,-3.7049983,-40.31117,2022-12-15 12:37:44
detect/data/CE10-146.jpg,"{""patch"": 2}",CE10,-3.7113292,-38.558323,2022-12-16 14:43:58
detect/data/CE10out-174.jpg,"{""patch"": 1}",CE10,-3.6969147,-38.594215,2022-12-16 14:35:23
detect/data/out-494CE010.jpg,"{""patch"": 1, ""pothole"": 1}",CE10,-3.6961381,-40.306286,2022-12-15 12:36:34
detect/data/CE471-1466.jpg,"{""patch"": 1}",CE471,-3.6837919,-40.30828,2022-12-15 12:30:58
detect/data/CE471-0228.jpg,"{""patch"": 1}",CE471,-3.642689,-40.35132,2022-12-15 12:23:48
detect/data/out-255CE010.jpg,"{""patch"": 1, ""pothole"": 1}",CE10,-3.7112792,-38.558624,2022-12-16 14:43:48
detect/data/out-606CE010.jpg,"{""patch"": 1}",CE10,-3.7151127,-38.542885,2022-12-16 14:47:08
detect/data/out-033CE010.jpg,"{""pothole"": 2, ""patch"": 1}",CE10,-3.7011313,-38.70538,2022-12-16 14:17:15
detect/data/CE010out-063.jpg,"{""patch"": 1}",CE10,-3.6926694,-40.303036,2022-12-15 12:36:04
detect/data/CE010out-157.jpg,"{""crack"": 1}",CE10,-3.718046,-40.31383,2022-12-15 12:38:39
detect/data/out-826CE010.jpg,"{""pothole"": 1}",CE10,-3.717433,-38.539677,2022-12-16 14:47:43
detect/data/CE422-0508.jpg,"{""patch"": 1}",CE422,-3.6201038,-38.849674,2022-12-16 11:05:12
detect/data/out-305CE010.jpg,"{""pothole"": 1, ""patch"": 1}",CE10,-3.6773534,-38.720562,2022-12-16 14:14:40
detect/data/CE156-155-0133.jpg,"{""crack"": 1}",CE156,-3.9426749,-38.70423,2022-12-15 16:56:13
detect/data/CE471-1749.jpg,"{""crack"": 2, ""patch"": 1}",CE471,-3.678752,-40.390713,2022-12-15 12:14:19
detect/data/CE471-2224.jpg,"{""patch"": 1}",CE471,-3.6898067,-40.30331,2022-12-15 12:31:53
detect/data/CE010out-003.jpg,"{""patch"": 1}",CE10,-3.7139485,-38.6575,2022-12-16 14:23:35
detect/data/out-190CE010.jpg,"{""patch"": 1}",CE10,-3.7533214,-40.30572,2022-12-15 12:43:14
detect/data/CE471-1940.jpg,"{""patch"": 1}",CE471,-3.6523123,-40.33374,2022-12-15 12:26:08
detect/data/CE471-2257.jpg,"{""patch"": 1}",CE471,-3.6470237,-40.343163,2022-12-15 12:24:53
detect/data/CE10-321.jpg,"{""pothole"": 1}",CE10,-3.6880202,-38.71188,2022-12-16 14:15:45
detect/data/CE471-1804.jpg,"{""patch"": 2}",CE471,-3.6862905,-40.386642,2022-12-15 12:13:18
detect/data/CE10-339.jpg,"{""patch"": 2, ""crack"": 1}",CE10,-3.7133846,-38.68045,2022-12-16 14:19:45
detect/data/out-129CE.jpg,"{""pothole"": 1}",DESCONHECIDA,0.0,0.0,
detect/data/CE471-0737.jpg,"{""patch"": 2}",CE471,-3.6759834,-40.39261,2022-12-15 12:14:43
detect/data/CE10-232.jpg,"{""crack"": 1}",CE10,-3.7182314,-38.537083,2022-12-16 14:48:08
detect/data/out-242CE010.jpg,"{""patch"": 1}",CE10,-3.622485,-38.7483,2022-12-16 14:03:55
detect/data/out-908CE010.jpg,"{""crack"": 1}",CE10,-3.6620643,-38.740303,2022-12-16 14:12:23
detect/data/out-581CE010.jpg,"{""patch"": 1}",CE10,-3.6919014,-40.302402,2022-12-15 12:35:54
detect/data/CE010out-041.jpg,"{""patch"": 1}",CE10,-3.6934917,-38.63886,2022-12-16 14:29:35
detect/data/CE471-0716.jpg,"{""patch"": 2}",CE471,-3.6630435,-40.32074,2022-12-15 12:28:08
detect/data/CE10-233.jpg,"{""crack"": 2}",CE10,-3.6781917,-38.719795,2022-12-16 14:14:45
detect/data/CE471-0226.jpg,"{""patch"": 1}",CE471,-3.6650884,-40.39797,2022-12-15 12:16:13
detect/data/out-819CE010.jpg,"{""pothole"": 1}",CE10,-3.7204123,-40.314407,2022-12-15 12:38:49
detect/data/CE471-2240.jpg,"{""patch"": 1}",CE471,-3.6776512,-40.3132,2022-12-15 12:30:03
detect/data/CE-422-0330.jpg,"{""patch"": 1}",CE422,-3.6498568,-38.85585,2022-12-16 11:01:42
detect/data/CE10-247.jpg,"{""patch"": 2, ""crack"": 1}",CE10,-3.624297,-38.74927,2022-12-16 14:05:08
detect/data/CE471-2015.jpg,"{""patch"": 3}",CE471,-3.6476336,-40.370426,2022-12-15 12:20:18
detect/data/out-260CE010.jpg,"{""pothole"": 2}",CE10,-3.7114093,-38.558167,2022-12-16 14:44:08
detect/data/CEout-583.jpg,"{""patch"": 1}",DESCONHECIDA,0.0,0.0,
detect/data/out-463CE010.jpg,"{""pothole"": 1}",CE10,-3.6484087,-38.761784,2022-12-16 14:09:53
detect/data/CE010-862.jpg,"{""crack"": 1}",CE10,-3.711057,-38.55942,2022-12-16 14:43:33
detect/data/out-378CE010.jpg,"{""patch"": 1, ""pothole"": 1}",CE10,-3.7149935,-38.544144,2022-12-16 14:46:58
detect/data/CE471-1450.jpg,"{""patch"": 1}",CE471,-3.679363,-40.31188,2022-12-15 12:30:18
detect/data/out-524CE010.jpg,"{""patch"": 1, ""pothole"": 1}",CE10,-3.6521225,-38.75256,2022-12-16 14:10:53
detect/data/out-362CE010.jpg,"{""pothole"": 1}",CE10,-3.6471598,-38.762203,2022-12-16 14:09:33
detect/data/CE471-2053.jpg,"{""patch"": 1}",CE471,-3.6512392,-40.335667,2022-12-15 12:25:53
detect/data/out-221CE010.jpg,"{""pothole"": 1}",CE10,-3.7849193,-40.283184,2022-12-15 12:46:58
detect/data/CE471-0104.jpg,"{""patch"": 1}",CE471,-3.6447551,-40.36556,2022-12-15 12:20:58
detect/data/CE010-626.jpg,"{""crack"": 1, ""patch"": 1}",CE10,-3.6642845,-38.73874,2022-12-16 14:12:38
detect/data/CE010-638.jpg,"{""patch"": 1}",CE10,-3.688418,-38.654373,2022-12-16 14:27:25
detect/data/out-696CE010.jpg,"{""patch"": 1, ""crack"": 1}",CE10,-3.6924648,-38.64621,2022-12-16 14:28:50
detect/data/out-202CE010.jpg,"{""patch"": 1}",CE10,-3.6766832,-38.721565,2022-12-16 14:14:35
detect/data/out-874CE010.jpg,"{""patch"": 1}",CE10,-3.7084715,-40.311863,2022-12-15 12:37:59
detect/data/CE10-095.jpg,"{""patch"": 3}",CE10,-3.6946568,-38.630577,2022-12-16 14:30:55
detect/data/CEout-335.jpg,"{""pothole"": 1, ""crack"": 1}",DESCONHECIDA,0.0,0.0,
detect/data/CE010-116.jpg,"{""patch"": 1}",CE10,-3.693693,-38.707256,2022-12-16 14:16:30
detect/data/CE471-1686.jpg,"{""patch"": 3}",CE471,-3.648803,-40.340065,2022-12-15 12:25:18
detect/data/CE-422-0263.jpg,"{""patch"": 1}",CE422,-3.65058,-38.855976,2022-12-16 11:01:37
detect/data/CE471-1800.jpg,"{""patch"": 1}",CE471,-3.6538386,-40.331104,2022-12-15 12:26:29
detect/data/out-333CE010.jpg,"{""patch"": 1, ""pothole"": 1}",CE10,-3.711057,-38.55942,2022-12-16 14:43:33
detect/data/CE10-120.jpg,"{""patch"": 2}",CE10,-3.6947155,-38.622902,2022-12-16 14:31:50
detect/data/CE010out-091.jpg,"{""patch"": 1}",CE10,-3.6964889,-40.306602,2022-12-15 12:36:39
detect/data/out-212CE010.jpg,"{""pothole"": 2, ""patch"": 2}",CE10,-3.6773534,-38.720562,2022-12-16 14:14:40
detect/data/CE10out-066.jpg,"{""patch"": 2, ""crack"": 1}",CE10,-3.6932192,-38.641354,2022-12-16 14:29:20
detect/data/CE010-292.jpg,"{""patch"": 2}",CE10,-3.6962223,-38.596386,2022-12-16 14:35:08
detect/data/out-700CE010.jpg,"{""patch"": 1}",CE10,-3.6883879,-38.654694,2022-12-16 14:27:15
detect/data/out-174CE10.jpg,"{""patch"": 1}",CE10,-3.6946568,-38.630577,2022-12-16 14:30:55
detect/data/CEout-233.jpg,"{""patch"": 1}",DESCONHECIDA,0.0,0.0,
detect/data/CE010out-183.jpg,"{""patch"": 1, ""crack"": 1}",CE10,-3.6484313,-38.759357,2022-12-16 14:10:13
detect/data/out-185CE010.jpg,"{""pothole"": 2, ""patch"": 1}",CE10,-3.694627,-38.623608,2022-12-16 14:31:45
detect/data/CE422-0301.jpg,"{""pothole"": 1}",CE422,-3.65058,-38.855976,2022-12-16 11:01:37
detect/data/out-139CE010.jpg,"{""patch"": 1}",CE10,-3.7811198,-40.281933,2022-12-15 12:46:43
detect/data/out-754CE010.jpg,"{""pothole"": 1}",CE10,-3.769781,-40.283268,2022-12-15 12:45:44
detect/data/out-207CE010.jpg,"{""pothole"": 3, ""patch"": 1}",CE10,-3.7204993,-38.665638,2022-12-16 14:21:30
detect/data/out-890CE010.jpg,"{""patch"": 1, ""pothole"": 1}",CE10,-3.7181451,-38.535774,2022-12-16 14:48:23
detect/data/out-725CE010.jpg,"{""patch"": 1}",CE10,-3.6338403,-38.7489,2022-12-16 14:06:23
detect/data/CE10-191.jpg,"{""patch"": 1}",CE10,-3.714959,-38.545452,2022-12-16 14:46:48
detect/data/CE10-190.jpg,"{""patch"": 1}",CE10,-3.7110486,-38.55948,2022-12-16 14:42:33
detect/data/CEout-436.jpg,"{""crack"": 1}",DESCONHECIDA,0.0,0.0,
detect/data/out-319CE010.jpg,"{""patch"": 1, ""pothole"": 1}",CE10,-3.7110486,-38.55948,2022-12-16 14:42:33
detect/data/out-793CE010.jpg,"{""pothole"": 1, ""patch"": 1}",CE10,-3.7098365,-38.56399,2022-12-16 14:41:08
detect/data/out-156CE010.jpg,"{""pothole"": 1}",CE10,-3.6931431,-38.619095,2022-12-16 14:32:20
detect/data/CE471-1803.jpg,"{""patch"": 1}",CE471,-3.660394,-40.39593,2022-12-15 12:16:48
detect/data/CE471-0107.jpg,"{""patch"": 3}",CE471,-3.644017,-40.351456,2022-12-15 12:22:53
detect/data/out-403CE010.jpg,"{""pothole"": 1}",CE10,-3.7207053,-38.6648,2022-12-16 14:21:35
detect/data/CE010-278.jpg,"{""patch"": 1}",CE10,-3.7099667,-38.690548,2022-12-16 14:18:50
detect/data/CE010out-212.jpg,"{""crack"": 1}",CE10,-3.7241535,-40.323574,2022-12-15 12:39:49
detect/data/CE471-0421.jpg,"{""patch"": 2}",CE471,-3.641861,-40.35313,2022-12-15 12:22:33
detect/data/out-718CE010.jpg,"{""patch"": 1}",CE10,-3.70129,-38.585117,2022-12-16 14:36:43
detect/data/out-894CE010.jpg,"{""pothole"": 1}",CE10,-3.6403186,-38.751255,2022-12-16 14:07:43
detect/data/out-256CE010.jpg,"{""pothole"": 1}",CE10,-3.7979848,-40.261078,2022-12-15 12:49:49
detect/data/out-762CE010.jpg,"{""patch"": 1}",CE10,-3.7096786,-38.56451,2022-12-16 14:40:58
detect/data/CE10-267.jpg,"{""patch"": 3, ""crack"": 1}",CE10,-3.70615,-38.574474,2022-12-16 14:38:38
detect/data/CE10-284.jpg,"{""crack"": 1, ""patch"": 1, ""pothole"": 1}",CE10,-3.7104056,-38.561882,2022-12-16 14:41:43
detect/data/CE10-160.jpg,"{""patch"": 2, ""pothole"": 1}",CE10,-3.710963,-38.559814,2022-12-16 14:42:18
detect/data/out-385CE010.jpg,"{""patch"": 1, ""pothole"": 1}",CE10,-3.714218,-38.547264,2022-12-16 14:46:33
detect/data/CE471-1927.jpg,"{""patch"": 1}",CE471,-3.660394,-40.39593,2022-12-15 12:16:48
detect/data/out-292CE010.jpg,"{""pothole"": 2}",CE10,-3.692711,-38.616158,2022-12-16 14:32:45
detect/data/out-174CE010.jpg,"{""patch"": 1}",CE10,-3.7099688,-38.563686,2022-12-16 14:41:18
detect/data/CE010out-232.jpg,"{""patch"": 1, ""crack"": 1}",CE10,-3.7585459,-40.296387,2022-12-15 12:44:15
detect/data/out-271CE010.jpg,"{""patch"": 2}",CE10,-3.7160754,-38.541473,2022-12-16 14:47:23
detect/data/CE10-287.jpg,"{""patch"": 1}",CE10,-3.6955914,-40.305943,2022-12-15 12:36:29
detect/data/CE10-258.jpg,"{""patch"": 1}",CE10,-3.6949446,-38.65804,2022-12-16 14:25:40
detect/data/CE471-2235.jpg,"{""patch"": 1}",CE471,-3.6777103,-40.39145,2022-12-15 12:14:28
detect/data/CE471-0916.jpg,"{""patch"": 3}",CE471,-3.6473923,-40.34254,2022-12-15 12:24:58
detect/data/CE10-126.jpg,"{""patch"": 1}",CE10,-3.70615,-38.574474,2022-12-16 14:38:38
detect/data/CEout-590.jpg,"{""patch"": 2}",DESCONHECIDA,0.0,0.0,
detect/data/CE010-645.jpg,"{""crack"": 1}",CE10,-3.716429,-38.657654,2022-12-16 14:23:15
detect/data/CE010-317.jpg,"{""patch"": 1}",CE10,-3.702325,-38.58276,2022-12-16 14:37:03
detect/data/CE10-140.jpg,"{""patch"": 3}",CE10,-3.7076008,-38.57048,2022-12-16 14:39:58
detect/data/CE10-303.jpg,"{""patch"": 2}",CE10,-3.7283728,-40.321606,2022-12-15 12:40:34
detect/data/CE010-336.jpg,"{""patch"": 1}",CE10,-3.6973872,-38.65849,2022-12-16 14:25:20
detect/data/CE471-2320.jpg,"{""patch"": 1}",CE471,-3.684429,-40.387672,2022-12-15 12:13:33
detect/data/CE10-202.jpg,"{""pothole"": 2, ""patch"": 2}",CE10,-3.706507,-38.573463,2022-12-16 14:38:48
detect/data/CE010out-219.jpg,"{""crack"": 1, ""patch"": 1}",CE10,-3.6437364,-38.75645,2022-12-16 14:08:23
detect/data/CE471-1821.jpg,"{""patch"": 1}",CE471,-3.6850793,-40.387325,2022-12-15 12:13:28
detect/data/CE471-1773.jpg,"{""patch"": 2}",CE471,-3.6523123,-40.33374,2022-12-15 12:26:08
detect/data/CE471-1490.jpg,"{""patch"": 1}",CE471,-3.666557,-40.319443,2022-12-15 12:28:33
detect/data/CE10-171.jpg,"{""pothole"": 2, ""patch"": 1}",CE10,-3.6899524,-38.64838,2022-12-16 14:28:30
detect/data/out-784CE010.jpg,"{""pothole"": 1}",CE10,-3.7098126,-38.56408,2022-12-16 14:41:03
detect/data/CE10-298.jpg,"{""patch"": 2, ""crack"": 1}",CE10,-3.7327962,-40.31883,2022-12-15 12:40:59
detect/data/CE010-332.jpg,"{""patch"": 4}",CE10,-3.6906202,-38.647858,2022-12-16 14:28:35
detect/data/out-544CE010.jpg,"{""patch"": 1}",CE10,-3.7824214,-40.28232,2022-12-15 12:46:48
detect/data/CE156-155-0531.jpg,"{""patch"": 1}",CE156,-3.9197598,-38.73399,2022-12-15 17:04:23
detect/data/CEout-074.jpg,"{""patch"": 1}",DESCONHECIDA,0.0,0.0,
detect/data/out-228CE.jpg,"{""patch"": 1, ""crack"": 1}",DESCONHECIDA,0.0,0.0,
detect/data/CE471-1489.jpg,"{""patch"": 1}",CE471,-3.693525,-40.379597,2022-12-15 12:10:50
detect/data/out-366CE010.jpg,"{""patch"": 2}",CE10,-3.6932192,-38.641354,2022-12-16 14:29:20
detect/data/out-275CE010.jpg,"{""pothole"": 4}",CE10,-3.695356,-38.658096,2022-12-16 14:25:35
detect/data/out-194CE010.jpg,"{""pothole"": 2, ""patch"": 1}",CE10,-3.623727,-38.749336,2022-12-16 14:04:48
detect/data/out-145CE010.jpg,"{""patch"": 2}",CE10,-3.7160754,-38.541473,2022-12-16 14:47:23
detect/data/CEout-176.jpg,"{""patch"": 1}",DESCONHECIDA,0.0,0.0,
detect/data/CE10out-105.jpg,"{""patch"": 1}",CE10,-3.6338403,-38.7489,2022-12-16 14:06:23
detect/data/CE10-125.jpg,"{""patch"": 2}",CE10,-3.7485108,-40.30926,2022-12-15 12:42:39
detect/data/CE471-1831.jpg,"{""patch"": 2}",CE471,-3.648803,-40.340065,2022-12-15 12:25:18
detect/data/out-200CE010.jpg,"{""patch"": 3}",CE10,-3.6888447,-38.65271,2022-12-16 14:28:00
detect/data/CE10-174.jpg,"{""patch"": 3}",CE10,-3.7192428,-40.314144,2022-12-15 12:38:44
detect/data/CE10-200.jpg,"{""patch"": 2}",CE10,-3.6978047,-38.592262,2022-12-16 14:35:38
detect/data/out-031CE010.jpg,"{""patch"": 1}",CE10,-3.7172089,-38.67525,2022-12-16 14:20:25
detect/data/CE422-0535.jpg,"{""pothole"": 1}",CE422,-3.6591024,-38.856213,2022-12-16 11:00:37
detect/data/CE471-0688.jpg,"{""patch"": 1}",CE471,-3.6491606,-40.339382,2022-12-15 12:25:23
detect/data/CE422-0005.jpg,"{""patch"": 1}",CE422,-3.6115186,-38.848503,2022-12-16 11:06:12
detect/data/CE471-0957.jpg,"{""patch"": 1}",CE471,-3.6432922,-40.36317,2022-12-15 12:21:18
detect/data/CE471-2410.jpg,"{""patch"": 1}",CE471,-3.6832538,-40.308712,2022-12-15 12:30:53
detect/data/CE471-0687.jpg,"{""patch"": 3}",CE471,-3.6664505,-40.398247,2022-12-15 12:16:03
detect/data/CEout-157.jpg,"{""patch"": 2}",DESCONHECIDA,0.0,0.0,
detect/data/CE471-0718.jpg,"{""patch"": 1}",CE471,-3.6431503,-40.351494,2022-12-15 12:23:43
detect/data/CE471-2134.jpg,"{""patch"": 1}",CE471,-3.655645,-40.387157,2022-12-15 12:17:58
detect/data/CE471-1095.jpg,"{""patch"": 1}",CE471,-3.6760032,-40.314663,2022-12-15 12:29:48
detect/data/CE471-0705.jpg,"{""patch"": 1}",CE471,-3.6550233,-40.385883,2022-12-15 12:18:08
detect/data/out-771CE010.jpg,"{""pothole"": 1}",CE10,-3.6994846,-40.30863,2022-12-15 12:37:14
detect/data/CE10-331.jpg,"{""patch"": 1, ""crack"": 1, ""pothole"": 1}",CE10,-3.6994612,-38.588787,2022-12-16 14:36:08
detect/data/out-538CE010.jpg,"{""patch"": 2}",CE10,-3.7441938,-40.312603,2022-12-15 12:42:09
detect/data/CE10-135.jpg,"{""patch"": 3}",CE10,-3.6710875,-38.733685,2022-12-16 14:13:28
detect/data/out-265CE.jpg,"{""pothole"": 1}",DESCONHECIDA,0.0,0.0,
detect/data/CE10-228.jpg,"{""patch"": 2}",CE10,-3.7112792,-38.558624,2022-12-16 14:43:48
detect/data/CE010out-200.jpg,"{""patch"": 1}",CE10,-3.693693,-38.707256,2022-12-16 14:16:30
detect/data/out-254CE010.jpg,"{""pothole"": 1}",CE10,-3.622485,-38.7483,2022-12-16 14:03:55
detect/data/CE010-233.jpg,"{""pothole"": 1}",CE10,-3.6241026,-38.749542,2022-12-16 14:05:03
detect/data/CE10-309.jpg,"{""patch"": 2}",CE10,-3.697493,-38.592823,2022-12-16 14:35:33
detect/data/CE010-334.jpg,"{""crack"": 1, ""patch"": 1}",CE10,-3.6946726,-38.629906,2022-12-16 14:31:00
detect/data/CE471-1750.jpg,"{""patch"": 1}",CE471,-3.6412585,-40.35938,2022-12-15 12:21:48
detect/data/out-246CE010.jpg,"{""pothole"": 3}",CE10,-3.7355568,-40.317657,2022-12-15 12:41:14
detect/data/CE471-1192.jpg,"{""crack"": 1}",CE471,-3.6827052,-40.309193,2022-12-15 12:30:48
detect/data/CE471-1684.jpg,"{""patch"": 1}",CE471,-3.670846,-40.39623,2022-12-15 12:15:28
detect/data/CE010out-600.jpg,"{""patch"": 1}",CE10,-3.708978,-38.56658,2022-12-16 14:40:33
detect/data/CEout-070.jpg,"{""patch"": 1}",DESCONHECIDA,0.0,0.0,
detect/data/CE010-254.jpg,"{""patch"": 1}",CE10,-3.666433,-38.73753,2022-12-16 14:12:53
detect/data/out-256CE.jpg,"{""patch"": 1, ""pothole"": 1}",DESCONHECIDA,0.0,0.0,
detect/data/out-229CE.jpg,"{""patch"": 1, ""crack"": 1}",DESCONHECIDA,0.0,0.0,
detect/data/out-888CE010.jpg,"{""patch"": 1}",CE10,-3.7907736,-40.279114,2022-12-15 12:47:28
detect/data/out-348CE010.jpg,"{""pothole"": 1}",CE10,-3.711972,-38.555542,2022-12-16 14:44:48
detect/data/CE10-283.jpg,"{""patch"": 2, ""pothole"": 1}",CE10,-3.6931975,-38.61889,2022-12-16 14:32:25
detect/data/CE471-0597.jpg,"{""patch"": 1}",CE471,-3.6615343,-40.32189,2022-12-15 12:27:54
detect/data/CE010-255.jpg,"{""patch"": 1}",CE10,-3.671423,-38.732952,2022-12-16 14:13:33
detect/data/CE10-288.jpg,"{""patch"": 3}",CE10,-3.647891,-38.761642,2022-12-16 14:09:43
detect/data/CE010-330.jpg,"{""patch"": 2}",CE10,-3.6884577,-38.656326,2022-12-16 14:26:55
detect/data/out-354CE010.jpg,"{""pothole"": 1, ""patch"": 1}",CE10,-3.7242362,-40.32371,2022-12-15 12:39:55
detect/data/CE10-180.jpg,"{""patch"": 1}",CE10,-3.6874185,-38.712334,2022-12-16 14:15:40
detect/data/out-282CE010.jpg,"{""pothole"": 2, ""patch"": 1}",CE10,-3.7111912,-38.55886,2022-12-16 14:43:43
detect/data/CE471-1136.jpg,"{""patch"": 2}",CE471,-3.6506495,-40.376877,2022-12-15 12:19:28
detect/data/CE471-1138.jpg,"{""patch"": 1}",CE471,-3.6559527,-40.38781,2022-12-15 12:17:53
detect/data/CE471-0629.jpg,"{""patch"": 2}",CE471,-3.6580448,-40.392395,2022-12-15 12:17:18
detect/data/out-050CE010.jpg,"{""patch"": 1}",CE10,-3.6978612,-38.70631,2022-12-16 14:16:55
detect/data/out-291CE010.jpg,"{""pothole"": 2}",CE10,-3.71351,-38.549217,2022-12-16 14:46:13
detect/data/CE471-1697.jpg,"{""patch"": 1}",CE471,-3.641709,-40.353832,2022-12-15 12:22:28
detect/data/out-515CE010.jpg,"{""pothole"": 1}",CE10,-3.7168064,-38.540462,2022-12-16 14:47:33
detect/data/CE471-1713.jpg,"{""patch"": 2}",CE471,-3.694005,-40.379333,2022-12-15 12:10:53
detect/data/CE10out-060.jpg,"{""patch"": 1}",CE10,-3.7043936,-38.57837,2022-12-16 14:38:03
detect/data/CE010-119.jpg,"{""patch"": 1}",CE10,-3.7130997,-38.550827,2022-12-16 14:45:53
detect/data/out-049CE10.jpg,"{""patch"": 1}",CE10,-3.6726027,-38.730587,2022-12-16 14:13:48
detect/data/CE471-0235.jpg,"{""patch"": 1}",CE471,-3.6529973,-40.332504,2022-12-15 12:26:18
detect/data/CEout-525.jpg,"{""pothole"": 1}",DESCONHECIDA,0.0,0.0,
detect/data/CE471-1806.jpg,"{""patch"": 1}",CE471,-3.6444576,-40.35141,2022-12-15 12:23:34
detect/data/CE471-0594.jpg,"{""patch"": 2}",CE471,-3.6819248,-40.38899,2022-12-15 12:13:54
detect/data/CE156-155-0019.jpg,"{""crack"": 1}",CE156,-3.9420962,-38.7078,2022-12-15 16:56:42
detect/data/CE010-306.jpg,"{""patch"": 3}",CE10,-3.6971624,-40.30714,2022-12-15 12:36:54
detect/data/out-542CE010.jpg,"{""patch"": 1}",CE10,-3.7668252,-40.289455,2022-12-15 12:45:14
detect/data/out-689CE010.jpg,"{""patch"": 2}",CE10,-3.6889544,-38.64962,2022-12-16 14:28:20
detect/data/out-698CE010.jpg,"{""patch"": 1}",CE10,-3.7011402,-40.30986,2022-12-15 12:37:24
detect/data/CE471-1742.jpg,"{""crack"": 1}",CE471,-3.6562574,-40.327793,2022-12-15 12:26:58
detect/data/CE10-164.jpg,"{""patch"": 2}",CE10,-3.688418,-38.654373,2022-12-16 14:27:25
detect/data/out-170CE10.jpg,"{""patch"": 1}",CE10,-3.663587,-38.739227,2022-12-16 14:12:33
detect/data/out-425CE010.jpg,"{""pothole"": 3, ""patch"": 1}",CE10,-3.716429,-38.657654,2022-12-16 14:23:15
detect/data/CE471-1018.jpg,"{""pothole"": 1}",CE471,-3.6452336,-40.351498,2022-12-15 12:23:28
detect/data/out-324CE010.jpg,"{""pothole"": 2, ""patch"": 1}",CE10,-3.6230147,-38.74867,2022-12-16 14:04:28
detect/data/CE010-017.jpg,"{""patch"": 1}",CE10,-3.7038848,-38.579403,2022-12-16 14:37:43
detect/data/CE471-0095.jpg,"{""patch"": 1}",CE471,-3.6580448,-40.392395,2022-12-15 12:17:18
detect/data/out-898CE010.jpg,"{""patch"": 1}",CE10,-3.7130027,-38.551125,2022-12-16 14:45:33
detect/data/CE10-168.jpg,"{""patch"": 1, ""pothole"": 1}",CE10,-3.7095273,-38.565018,2022-12-16 14:40:53
detect/data/out-062CE10.jpg,"{""patch"": 2}",CE10,-3.7113607,-38.55826,2022-12-16 14:44:03
detect/data/CE471-1695.jpg,"{""patch"": 1}",CE471,-3.6736348,-40.394295,2022-12-15 12:15:03
detect/data/out-051CE10.jpg,"{""patch"": 1}",CE10,-3.7136884,-38.548756,2022-12-16 14:46:18
detect/data/out-724CE010.jpg,"{""pothole"": 1, ""crack"": 1}",CE10,-3.6500258,-38.75494,2022-12-16 14:10:38
detect/data/CE471-2140.jpg,"{""patch"": 1}",CE471,-3.6869187,-40.386234,2022-12-15 12:13:13
detect/data/out-309CE010.jpg,"{""pothole"": 1}",CE10,-3.7490742,-40.308838,2022-12-15 12:42:44
detect/data/CEout-594.jpg,"{""patch"": 2, ""crack"": 1}",DESCONHECIDA,0.0,0.0,
detect/data/out-306CE010.jpg,"{""patch"": 2}",CE10,-3.7211535,-38.663258,2022-12-16 14:21:45
detect/data/out-257CE010.jpg,"{""pothole"": 3, ""patch"": 3}",CE10,-3.7098365,-38.56399,2022-12-16 14:41:08
detect/data/CE471-0368.jpg,"{""patch"": 2}",CE471,-3.6542592,-40.330597,2022-12-15 12:26:34
detect/data/CE471-2379.jpg,"{""patch"": 1}",CE471,-3.6776512,-40.3132,2022-12-15 12:30:03
detect/data/CE10-158.jpg,"{""patch"": 2}",CE10,-3.7241535,-40.323574,2022-12-15 12:39:49
detect/data/CE010out-133.jpg,"{""patch"": 2}",CE10,-3.6424234,-38.760235,2022-12-16 14:08:48
detect/data/CE471-1465.jpg,"{""pothole"": 1, ""patch"": 1}",CE471,-3.6512196,-40.378162,2022-12-15 12:19:18
detect/data/CE010out-231.jpg,"{""crack"": 1}",CE10,-3.6926587,-38.61312,2022-12-16 14:33:05
detect/data/out-168CE010.jpg,"{""patch"": 1}",CE10,-3.7291913,-40.321102,2022-12-15 12:40:39
detect/data/CEout-596.jpg,"{""patch"": 3}",DESCONHECIDA,0.0,0.0,
detect/data/out-944CE010.jpg,"{""pothole"": 1}",CE10,-3.7100904,-38.56324,2022-12-16 14:41:28
detect/data/CEout-351.jpg,"{""patch"": 1, ""crack"": 1}",DESCONHECIDA,0.0,0.0,
detect/data/out-589CE010.jpg,"{""patch"": 1, ""pothole"": 1}",CE10,-3.7246249,-40.31937,2022-12-15 12:39:24
detect/data/CE010-214.jpg,"{""patch"": 2}",CE10,-3.7435193,-40.31315,2022-12-15 12:42:04
detect/data/CE471-1932.jpg,"{""patch"": 1}",CE471,-3.6760032,-40.314663,2022-12-15 12:29:48
detect/data/CE471-2317.jpg,"{""patch"": 1}",CE471,-3.6411426,-40.358692,2022-12-15 12:21:53
detect/data/CE010-257.jpg,"{""patch"": 1, ""pothole"": 1}",CE10,-3.7083066,-38.56894,2022-12-16 14:40:13
detect/data/CE471-0513.jpg,"{""patch"": 1}",CE471,-3.665794,-40.398155,2022-12-15 12:16:08
detect/data/CE471-0697.jpg,"{""patch"": 1}",CE471,-3.6887562,-40.30425,2022-12-15 12:31:43
detect/data/CEout-554.jpg,"{""pothole"": 1}",DESCONHECIDA,0.0,0.0,
detect/data/out-851CE010.jpg,"{""pothole"": 1}",CE10,-3.693041,-38.70774,2022-12-16 14:16:25
detect/data/out-886CE010.jpg,"{""patch"": 1}",CE10,-3.6906202,-38.647858,2022-12-16 14:28:35
detect/data/out-327CE010.jpg,"{""patch"": 1, ""pothole"": 1}",CE10,-3.711582,-38.557568,2022-12-16 14:44:18
detect/data/CE010out-174.jpg,"{""crack"": 1}",CE10,-3.7083066,-38.56894,2022-12-16 14:40:13
detect/data/CE471-1820.jpg,"{""patch"": 1}",CE471,-3.6412535,-40.357307,2022-12-15 12:22:03
detect/data/CE471-2173.jpg,"{""patch"": 1}",CE471,-3.6452243,-40.346386,2022-12-15 12:24:28
detect/data/CEout-011.jpg,"{""patch"": 1}",DESCONHECIDA,0.0,0.0,
detect/data/CEout-140.jpg,"{""patch"": 1}",DESCONHECIDA,0.0,0.0,
detect/data/CEout-314.jpg,"{""pothole"": 1}",DESCONHECIDA,0.0,0.0,
detect/data/out-520CE010.jpg,"{""patch"": 1}",CE10,-3.6964412,-38.59562,2022-12-16 14:35:13
detect/data/CE471-0720.jpg,"{""patch"": 1}",CE471,-3.6571481,-40.390427,2022-12-15 12:17:33
detect/data/CE471-0610.jpg,"{""patch"": 2}",CE471,-3.6433043,-40.351643,2022-12-15 12:22:48
detect/data/CEout-144.jpg,"{""crack"": 1}",DESCONHECIDA,0.0,0.0,
detect/data/CEout-031.jpg,"{""patch"": 1}",DESCONHECIDA,0.0,0.0,
detect/data/CE10-165.jpg,"{""patch"": 1}",CE10,-3.6929238,-38.644703,2022-12-16 14:29:00
detect/data/CE10-117.jpg,"{""patch"": 2}",CE10,-3.7283728,-40.321606,2022-12-15 12:40:34
detect/data/out-417CE010.jpg,"{""pothole"": 1}",CE10,-3.6889179,-38.65797,2022-12-16 14:26:30
detect/data/CE471-1772.jpg,"{""patch"": 2}",CE471,-3.6559527,-40.38781,2022-12-15 12:17:53
detect/data/CE10-108.jpg,"{""patch"": 1}",CE10,-3.6485944,-38.761494,2022-12-16 14:09:58
detect/data/CE471-0450.jpg,"{""crack"": 1}",CE471,-3.6519687,-40.334362,2022-12-15 12:26:03
detect/data/CE10-291.jpg,"{""patch"": 1}",CE10,-3.7327962,-40.31883,2022-12-15 12:40:59
detect/data/CE471-0508.jpg,"{""patch"": 1}",CE471,-3.642689,-40.35132,2022-12-15 12:23:48
detect/data/CE471-1852.jpg,"{""patch"": 1}",CE471,-3.6737654,-40.3164,2022-12-15 12:29:28
detect/data/out-427CE010.jpg,"{""pothole"": 2, ""patch"": 1}",CE10,-3.721564,-40.314743,2022-12-15 12:38:54
detect/data/CE471-0901.jpg,"{""patch"": 2}",CE471,-3.679363,-40.31188,2022-12-15 12:30:18
detect/data/CE010out-197.jpg,"{""patch"": 2}",CE10,-3.6928005,-38.645535,2022-12-16 14:28:55
detect/data/CE10-169.jpg,"{""patch"": 2, ""crack"": 1}",CE10,-3.6928926,-38.617542,2022-12-16 14:32:35
detect/data/out-443CE010.jpg,"{""pothole"": 1, ""patch"": 1}",CE10,-3.7108016,-40.312344,2022-12-15 12:38:09
detect/data/out-905CE010.jpg,"{""patch"": 2, ""pothole"": 1}",CE10,-3.7002974,-40.309254,2022-12-15 12:37:19
detect/data/out-163CE010.jpg,"{""patch"": 1, ""pothole"": 1}",CE10,-3.688893,-38.651134,2022-12-16 14:28:10
detect/data/CE471-0758.jpg,"{""patch"": 1}",CE471,-3.674328,-40.316025,2022-12-15 12:29:33
detect/data/CE471-0289.jpg,"{""patch"": 1}",CE471,-3.6584353,-40.324936,2022-12-15 12:27:23
detect/data/out-880CE010.jpg,"{""patch"": 1}",CE10,-3.6949928,-38.631153,2022-12-16 14:30:50
detect/data/CEout-069.jpg,"{""patch"": 1}",DESCONHECIDA,0.0,0.0,
detect/data/CE471-1764.jpg,"{""patch"": 1}",CE471,-3.645638,-40.35161,2022-12-15 12:23:18
detect/data/CE471-1170.jpg,"{""patch"": 1}",CE471,-3.6798902,-40.31144,2022-12-15 12:30:23
